URL,,,
https://www.linkedin.com/in/aviseth,,,
https://www.linkedin.com/in/samantha,,,
https://www.linkedin.com/in/samuel,,,
https://www.linkedin.com/in/juanpespinozava,,,
https://www.linkedin.com/in/marcelina,,,
https://www.linkedin.com/in/don,,,
https://www.linkedin.com/in/daniel,,,
https://www.linkedin.com/in/lance,,,
https://www.linkedin.com/in/joseph,,,
https://www.linkedin.com/in/tim,,,
https://www.linkedin.com/in/melodywarnick,,,
https://www.linkedin.com/in/jeffrey,,,
https://www.linkedin.com/in/saumith,,,
https://www.linkedin.com/in/randymarchany,,,
https://www.linkedin.com/in/j,,,
https://www.linkedin.com/in/thulasi,,,
https://www.linkedin.com/in/jmaemontgomery,,,
https://www.linkedin.com/in/emersonrodriguezenergy,,,
https://www.linkedin.com/in/emily,,,
https://www.linkedin.com/in/david,,,
https://www.linkedin.com/in/vtdavemcpherson,,,
https://www.linkedin.com/in/saifur,,,
https://www.linkedin.com/in/stacey,,,
https://www.linkedin.com/in/ashleigh,,,
https://www.linkedin.com/in/shayne,,,
https://www.linkedin.com/in/kirpapreet,,,
https://www.linkedin.com/in/angela,,,
https://www.linkedin.com/in/naren,,,
https://www.linkedin.com/in/justin,,,
https://www.linkedin.com/in/anshu,,,
https://www.linkedin.com/in/wil,,,
https://www.linkedin.com/in/clarkdehart,,,
https://www.linkedin.com/in/jaredbralley,,,
https://www.linkedin.com/in/kacy,,,
https://www.linkedin.com/in/jimmy,,,
https://www.linkedin.com/in/thomas,,,
https://www.linkedin.com/in/ashley,,,
https://www.linkedin.com/in/cilo9737,,,
https://www.linkedin.com/in/charles,,,
https://www.linkedin.com/in/yoonjinkim,,,
https://www.linkedin.com/in/amy,,,
https://www.linkedin.com/in/christopher,,,
https://www.linkedin.com/in/andrejonesjr,,,
https://www.linkedin.com/in/rhondaarsenault,,,
https://www.linkedin.com/in/cory,,,
https://www.linkedin.com/in/nam,,,
https://www.linkedin.com/in/peter,,,
https://www.linkedin.com/in/rory,,,
https://www.linkedin.com/in/vtahrm?trk=public_profile_browsemap,,,
https://www.linkedin.com/in/marytrigiani,,,
https://www.linkedin.com/in/lu,,,
https://www.linkedin.com/in/tracyvosburgh,,,
https://www.linkedin.com/in/reka,,,
https://www.linkedin.com/in/kevin,,,
https://www.linkedin.com/in/oschabenberger,,,
https://www.linkedin.com/in/brennan,,,
https://www.linkedin.com/in/stefanie,,,
https://www.linkedin.com/in/grantbriers,,,
https://www.linkedin.com/in/ashley,,,
https://www.linkedin.com/in/travis,,,
https://www.linkedin.com/in/robert,,,
https://www.linkedin.com/in/tyler,,,
https://www.linkedin.com/in/zeke,,,
https://www.linkedin.com/in/jordanshorey,,,
https://www.linkedin.com/in/cassidy,,,
https://www.linkedin.com/in/quinnwarnick,,,
https://www.linkedin.com/in/dave,,,
https://www.linkedin.com/in/mike,,,
https://www.linkedin.com/in/tamaracherryclarke,,,
https://www.linkedin.com/in/brianablanchard,,,
https://www.linkedin.com/in/kimberly,,,
https://www.linkedin.com/in/jordan,,,
https://www.linkedin.com/in/travis,,,
https://www.linkedin.com/in/princess,,,
https://www.linkedin.com/in/annie,,,
https://www.linkedin.com/in/john,,,
https://www.linkedin.com/in/maya,,,
https://www.linkedin.com/in/professorjohnboyer,,,
https://www.linkedin.com/in/tyler,,,
https://www.linkedin.com/in/aidan,,,
https://www.linkedin.com/in/julia,,,
https://www.linkedin.com/in/vedaant,,,
https://www.linkedin.com/in/lauren,,,
https://www.linkedin.com/in/bevlee,,,
https://www.linkedin.com/in/megan,,,
https://www.linkedin.com/in/andrew,,,
https://www.linkedin.com/in/cameron,,,
https://www.linkedin.com/in/andr%C3%A9,,,
https://www.linkedin.com/in/ryanjmcdaniel,,,
https://www.linkedin.com/in/mark,,,
https://www.linkedin.com/in/cameron,,,
https://www.linkedin.com/in/erica,,,
https://www.linkedin.com/in/maya,,,
https://www.linkedin.com/in/colby,,,
https://www.linkedin.com/in/daniel,,,
https://www.linkedin.com/in/kmrappold,,,
https://www.linkedin.com/in/max,,,
https://www.linkedin.com/in/russell,,,
https://www.linkedin.com/in/anthonyrscott,,,
https://www.linkedin.com/in/colton,,,
https://www.linkedin.com/in/james,,,
https://www.linkedin.com/in/michael,,,
https://www.linkedin.com/in/carmen,,,
https://www.linkedin.com/in/peyton,,,
https://www.linkedin.com/in/jeremywilson92,,,
https://www.linkedin.com/in/viswanath,,,
https://www.linkedin.com/in/brianjusa,,,
https://www.linkedin.com/in/kristie,,,
https://www.linkedin.com/in/daron,,,
https://www.linkedin.com/in/stephen,,,
https://www.linkedin.com/in/chriseckelnj,,,
https://www.linkedin.com/in/alexey,,,
https://www.linkedin.com/in/matt,,,
https://www.linkedin.com/in/lisa,,,
https://www.linkedin.com/in/meghan,,,
https://www.linkedin.com/in/cyril,,,
https://www.linkedin.com/in/marthaluttrellsullivan,,,
https://www.linkedin.com/in/matthew,,,
https://www.linkedin.com/in/crodriguez,,,
https://www.linkedin.com/in/carolyn,,,
https://www.linkedin.com/in/unius,,,
https://www.linkedin.com/in/hikmet,,,
https://www.linkedin.com/in/josiah,,,
https://www.linkedin.com/in/madisontepper,,,
https://www.linkedin.com/in/kaylee,,,
https://www.linkedin.com/in/sarahlouhall,,,
https://www.linkedin.com/in/wesley,,,
https://www.linkedin.com/in/david,,,
https://www.linkedin.com/in/nicholas,,,
https://www.linkedin.com/in/kevin,,,
https://www.linkedin.com/in/bryanhanson,,,
https://www.linkedin.com/in/ashley,,,
https://www.linkedin.com/in/travis,,,
https://www.linkedin.com/in/blakeahewitt,,,
https://www.linkedin.com/in/everett,,,
https://www.linkedin.com/in/monecia,,,
https://www.linkedin.com/in/jennyorzolek,,,
https://www.linkedin.com/in/jonathan,,,
https://www.linkedin.com/in/treywhittaker1013,,,
https://www.linkedin.com/in/maretwhalen,,,
https://www.linkedin.com/in/jeffrey,,,
https://www.linkedin.com/in/lucywaite24,,,
https://www.linkedin.com/in/paige,,,
https://www.linkedin.com/in/sabrina,,,
https://www.linkedin.com/in/andrew,,,
https://www.linkedin.com/in/david,,,
https://www.linkedin.com/in/deepak,,,
https://www.linkedin.com/in/heather,,,
https://www.linkedin.com/in/bdangel1,,,
https://www.linkedin.com/in/michael,,,
https://www.linkedin.com/in/richardquintin,,,
https://www.linkedin.com/in/shaheermalik,,,
https://www.linkedin.com/in/cousikt,,,
https://www.linkedin.com/in/marie,,,
https://www.linkedin.com/in/calvin,,,
https://www.linkedin.com/in/zachary,,,
https://www.linkedin.com/in/justin,,,
https://www.linkedin.com/in/joshua,,,
https://www.linkedin.com/in/heidi,,,
https://www.linkedin.com/in/heatherducote,,,
https://www.linkedin.com/in/natasha,,,
https://www.linkedin.com/in/adam,,,
https://www.linkedin.com/in/frank,,,
https://www.linkedin.com/in/chloerobertson,,,
https://www.linkedin.com/in/emily,,,
https://www.linkedin.com/in/luisa,,,
https://www.linkedin.com/in/christina,,,
https://www.linkedin.com/in/mary,,,
https://www.linkedin.com/in/sergey,,,
https://www.linkedin.com/in/kristin,,,
https://www.linkedin.com/in/robert,,,
https://www.linkedin.com/in/luke,,,
https://www.linkedin.com/in/adam,,,
https://www.linkedin.com/in/dominic,,,
https://www.linkedin.com/in/brianna,,,
https://www.linkedin.com/in/hannah,,,
https://www.linkedin.com/in/vt,,,
https://www.linkedin.com/in/liza,,,
https://www.linkedin.com/in/minhbtnguyen,,,
https://www.linkedin.com/in/williamcoleman1,,,
https://www.linkedin.com/in/william,,,
https://www.linkedin.com/in/sydney,,,
https://www.linkedin.com/in/brittney,,,
https://www.linkedin.com/in/zeb,,,
https://www.linkedin.com/in/stephanie,,,
https://www.linkedin.com/in/ron,,,
https://www.linkedin.com/in/robyn,,,
https://www.linkedin.com/in/ayden,,,
https://www.linkedin.com/in/brian,,,
https://www.linkedin.com/in/kensmithvirginiatech,,,
https://www.linkedin.com/in/susangill,,,
https://www.linkedin.com/in/tate,,,
https://www.linkedin.com/in/julian,,,
https://www.linkedin.com/in/dalepike,,,
https://www.linkedin.com/in/matthew,,,
https://www.linkedin.com/in/gecooper,,,
https://www.linkedin.com/in/savannah,,,
https://www.linkedin.com/in/virginia,,,
https://www.linkedin.com/in/will,,,
https://www.linkedin.com/in/peiqing,,,
https://www.linkedin.com/in/steveclarkphilanthropy,,,
https://www.linkedin.com/in/phoebe,,,
https://www.linkedin.com/in/abbie,,,
https://www.linkedin.com/in/jenniferchavens,,,
https://www.linkedin.com/in/priyam,,,
https://www.linkedin.com/in/sierra,,,
https://www.linkedin.com/in/kaleena,,,
https://www.linkedin.com/in/jonathan,,,
https://www.linkedin.com/in/madeline,,,
https://www.linkedin.com/in/edward,,,
https://www.linkedin.com/in/peter,,,
https://www.linkedin.com/in/nataliecrosby,,,
https://www.linkedin.com/in/kmartinezsoto,,,
https://www.linkedin.com/in/jesica,,,
https://www.linkedin.com/in/lucas10daniel,,,
https://www.linkedin.com/in/justiceforster,,,
https://www.linkedin.com/in/abhijit,,,
https://www.linkedin.com/in/chloe,,,
https://www.linkedin.com/in/anne,,,
https://www.linkedin.com/in/brad,,,
https://www.linkedin.com/in/helene,,,
https://www.linkedin.com/in/kelly,,,
https://www.linkedin.com/in/hendersm,,,
https://www.linkedin.com/in/masonkeyser,,,
https://www.linkedin.com/in/shu,,,
https://www.linkedin.com/in/christine,,,
https://www.linkedin.com/in/laszlohorvathremeczki,,,
https://www.linkedin.com/in/connie,,,
https://www.linkedin.com/in/vtchad,,,
https://www.linkedin.com/in/markus,,,
https://www.linkedin.com/in/jesdavishighereducation,,,
https://www.linkedin.com/in/barry,,,
https://www.linkedin.com/in/brianna,,,
https://www.linkedin.com/in/jessica,,,
https://www.linkedin.com/in/sahilpatel288,,,
https://www.linkedin.com/in/christopher,,,
https://www.linkedin.com/in/chatrice,,,
https://www.linkedin.com/in/briancollinssales,,,
https://www.linkedin.com/in/anna,,,
https://www.linkedin.com/in/ljgmoore,,,
https://www.linkedin.com/in/sam,,,
https://www.linkedin.com/in/wei,,,
https://www.linkedin.com/in/hmurzi,,,
https://www.linkedin.com/in/rachelgrahe,,,
https://www.linkedin.com/in/eli,,,
https://www.linkedin.com/in/abby,,,
https://www.linkedin.com/in/alitoloczko,,,
https://www.linkedin.com/in/mahmood,,,
https://www.linkedin.com/in/marlalwhite,,,
https://www.linkedin.com/in/tanders28,,,
https://www.linkedin.com/in/mikeweaver9,,,
https://www.linkedin.com/in/jonathan,,,
https://www.linkedin.com/in/marshall,,,
https://www.linkedin.com/in/hannah,,,
https://www.linkedin.com/in/emilywhutchins,,,
https://www.linkedin.com/in/benjamin,,,
https://www.linkedin.com/in/siddharthtibrewala,,,
https://www.linkedin.com/in/patricia,,,
https://www.linkedin.com/in/jkatyan,,,
https://www.linkedin.com/in/sarah,,,
https://www.linkedin.com/in/david,,,
https://www.linkedin.com/in/beth,,,
https://www.linkedin.com/in/alena,,,
https://www.linkedin.com/in/farrokh,,,
https://www.linkedin.com/in/nathan,,,
https://www.linkedin.com/in/nandini,,,
https://www.linkedin.com/in/jonathan,,,
https://www.linkedin.com/in/e,,,
https://www.linkedin.com/in/jalen,,,
https://www.linkedin.com/in/meganhnp,,,
https://www.linkedin.com/in/zachary,,,
https://www.linkedin.com/in/kate,,,
https://www.linkedin.com/in/caleb,,,
https://www.linkedin.com/in/kristina,,,
https://www.linkedin.com/in/prajakta,,,
https://www.linkedin.com/in/kimberly,,,
https://www.linkedin.com/in/john,,,
https://www.linkedin.com/in/alex,,,
https://www.linkedin.com/in/wenjing,,,
https://www.linkedin.com/in/saiedtaheri,,,
https://www.linkedin.com/in/joanna,,,
https://www.linkedin.com/in/alexjones2305,,,
https://www.linkedin.com/in/priya,,,
https://www.linkedin.com/in/derek,,,
https://www.linkedin.com/in/emma,,,
https://www.linkedin.com/in/virginia,,,
https://www.linkedin.com/in/vt,,,
https://www.linkedin.com/in/laura,,,
https://gh.linkedin.com/in/enock,,,
https://in.linkedin.com/in/rushi,,,
https://in.linkedin.com/in/grashi,,,
https://in.linkedin.com/in/amith,,,
https://ir.linkedin.com/in/ghazaleh,,,
https://uk.linkedin.com/in/maj,,,
https://www.linkedin.com/in/minna,,,
https://fi.linkedin.com/in/milosnmladenovic,,,
https://il.linkedin.com/in/tzahi,,,
https://de.linkedin.com/in/donna,,,
https://www.linkedin.com/in/yasminejaber,,,
https://vn.linkedin.com/in/ellen,,,
https://www.linkedin.com/in/ricky,,,
https://www.linkedin.com/in/gracypeterson,,,
